request_id,amount_safe_to_pay,affordability_status,recommended_payment_method,payment_plan,earliest_date_for_full_payment,spending_changes_needed,decision_explanation
request_26,15656000,affordable_now,full_payment,2025-08-03:15656000,2025-08-03,none,"Pay IDR 15,656,000 today. This leaves at least IDR 24,768,300 available over the next 90 days."
request_27,6670,affordable_now,full_payment,2026-07-05:6670,2026-07-05,none,"Pay ZAR 6,670 today. This leaves at least ZAR 20,500 available over the next 90 days."
request_28,371.33,affordable_later,wait,2024-07-15:1302.40,2024-07-15,none,"Pay EUR 1,302.40 in full on 15 July 2024. Paying earlier would take the balance below the EUR 1,100 minimum."
request_29,51524,affordable_now,full_payment,2025-11-04:51524,2025-11-04,none,"Pay ZAR 51,524 today. This leaves at least ZAR 28,300 available over the next 90 days."
request_30,775.2,affordable_with_plan,installments,2026-04-06:268.74|2026-05-06:268.74|2026-06-05:268.74,2026-04-06,none,"Use 3 installments of USD 268.74, starting 6 April 2026. This leaves at least USD 900 available."
request_31,3662311.14,affordable_later,wait,2024-09-15:18164000,2024-09-15,none,"Pay IDR 18,164,000 in full on 15 September 2024. Paying earlier would take the balance below the IDR 16,588,900 minimum."
request_32,0,not_affordable,not_recommended,none,,none,"Do not make this payment by 15 April 2025. None of the available options keeps the ZAR 35,700 minimum protected."
request_33,46327.05,affordable_later,wait,2026-02-15:118000,2026-02-15,none,"Pay INR 118,000 in full on 15 February 2026. Paying earlier would take the balance below the INR 102,100 minimum."
request_34,129400,affordable_now,full_payment,2024-12-04:129400,2024-12-04,none,"Pay INR 129,400 today. This leaves at least INR 138,500 available over the next 90 days."
request_35,32458.57,affordable_later,wait,2026-01-15:212000,2026-01-15,none,"Pay INR 212,000 in full on 15 January 2026. Paying earlier would take the balance below the INR 106,400 minimum."
request_36,292.56,affordable_later,wait,2026-09-15:3954,2026-09-15,none,"Pay USD 3,954 in full on 15 September 2026. Paying earlier would take the balance below the USD 2,400 minimum."
request_37,4990460.51,affordable_later,wait,2024-05-15:14649000,2024-05-15,none,"Pay IDR 14,649,000 in full on 15 May 2024. Paying earlier would take the balance below the IDR 17,056,200 minimum."
request_38,229.29,affordable_later,wait,2025-10-15:971.30,2025-10-15,none,Pay EUR 971.30 in full on 15 October 2025. Paying earlier would take the balance below the EUR 400 minimum.
request_39,162140.95,affordable_later,wait,2026-04-15:208600,2026-04-15,none,"Pay INR 208,600 in full on 15 April 2026. Paying earlier would take the balance below the INR 213,400 minimum."
request_40,0,not_affordable,not_recommended,none,,none,"Do not make this payment by 15 August 2024. None of the available options keeps the EUR 1,500 minimum protected."
request_41,7511586.11,affordable_later,wait,2025-11-15:38760000,2025-11-15,none,"Pay IDR 38,760,000 in full on 15 November 2025. Paying earlier would take the balance below the IDR 25,366,600 minimum."
request_42,52100,affordable_now,full_payment,2026-01-05:52100,2026-01-05,none,"Pay INR 52,100 today. This leaves at least INR 113,100 available over the next 90 days."
request_43,6920231.29,affordable_later,wait,2024-09-15:43339000,2024-09-15,none,"Pay IDR 43,339,000 in full on 15 September 2024. Paying earlier would take the balance below the IDR 21,398,000 minimum."
request_44,0,not_affordable,not_recommended,none,,none,"Do not make this payment by 15 April 2025. None of the available options keeps the INR 82,900 minimum protected."
request_45,5625152.39,affordable_later,wait,2026-08-15:21983000,2026-08-15,none,"Pay IDR 21,983,000 in full on 15 August 2026. Paying earlier would take the balance below the IDR 11,149,800 minimum."
request_46,49450,affordable_with_plan,installments,2024-12-03:25714|2024-12-31:25714,2024-12-03,none,"Use 2 installments of INR 25,714, starting 3 December 2024. This leaves at least INR 84,000 available."
request_47,26598827.4,not_affordable,not_recommended,none,,none,"Do not proceed with the IDR 38,114,000 request. Although IDR 26,598,827.40 is available today, the full amount cannot be completed safely within 90 days."
request_48,45700,affordable_now,full_payment,2026-07-25:45700,2026-07-25,none,"Pay INR 45,700 today. This leaves at least INR 71,300 available over the next 90 days."
request_49,13325649.31,affordable_with_plan,installments,2024-03-18:11902106.67|2024-04-18:11902106.67|2024-05-19:11902106.67,2024-04-15,none,"Use 3 installments of IDR 11,902,106.67, starting 18 March 2024. This leaves at least IDR 20,275,700 available."
request_50,43900,affordable_now,full_payment,2025-08-06:43900,2025-08-06,none,"Pay INR 43,900 today. This leaves at least INR 99,700 available over the next 90 days."
request_51,2191000,affordable_now,full_payment,2026-01-03:2191000,2026-01-03,none,"Pay IDR 2,191,000 today. This leaves at least IDR 7,811,000 available over the next 90 days."
request_52,23586.86,affordable_later,wait,2024-06-15:28870,2024-06-15,none,"Pay INR 28,870 in full on 15 June 2024. Paying earlier would take the balance below the INR 41,500 minimum."
request_53,567.99,affordable_with_plan,installments,2025-11-21:589.06|2025-12-19:589.06|2026-01-16:589.06,2026-01-15,none,"Use 3 installments of USD 589.06, starting 21 November 2025. This leaves at least USD 2,100 available."
request_54,6846.65,not_affordable,not_recommended,none,,none,"Do not make this payment by 21 August 2026. None of the available options keeps the ZAR 37,000 minimum protected."
request_55,143178.96,affordable_with_plan,installments,2026-06-11:75781.33|2026-07-12:75781.33|2026-08-12:75781.33,2026-07-15,none,"Use 3 installments of INR 75,781.33, starting 11 June 2026. This leaves at least INR 124,300 available."
request_56,587.11,affordable_with_plan,partial_payment,2025-02-03:587.11|2025-02-15:294.45,2025-02-15,none,"Pay USD 587.11 today and the remaining USD 294.45 on 15 February 2025. This completes the full request and keeps the USD 2,100 minimum protected."
request_57,8580.55,not_affordable,not_recommended,none,,none,"Do not proceed with the ZAR 61,446 request. Although ZAR 8,580.55 is available today, the full amount cannot be completed safely within 90 days."
request_58,16226000,affordable_now,full_payment,2024-12-07:16226000,2024-12-07,none,"Pay IDR 16,226,000 today. This leaves at least IDR 14,433,900 available over the next 90 days."
request_59,140600,affordable_with_plan,installments,2025-05-07:48741.33|2025-06-04:48741.33|2025-07-02:48741.33,2025-05-04,none,"Use 3 installments of INR 48,741.33, starting 7 May 2025. This leaves at least INR 132,600 available."
request_60,162.66,affordable_later,wait,2026-01-15:199.89,2026-01-15,none,Pay USD 199.89 in full on 15 January 2026. Paying earlier would take the balance below the USD 400 minimum.
request_61,29062,affordable_with_plan,installments,2024-03-17:10074.83|2024-04-17:10074.83|2024-05-18:10074.83,2024-03-03,none,"Use 3 installments of ZAR 10,074.83, starting 17 March 2024. This leaves at least ZAR 36,700 available."
request_62,404.23,affordable_now,full_payment,2025-08-05:404.23,2025-08-05,none,"Pay USD 404.23 today. This leaves at least USD 1,300 available over the next 90 days."
request_63,47692.47,affordable_with_plan,partial_payment,2026-07-07:47692.47|2026-08-15:296207.53,2026-08-15,none,"Pay INR 47,692.47 today and the remaining INR 296,207.53 on 15 August 2026. This completes the full request and keeps the INR 153,500 minimum protected."
request_64,0,not_affordable,not_recommended,none,,none,"Do not make this payment by 16 August 2024. None of the available options keeps the INR 36,100 minimum protected."
request_65,6394.85,not_affordable,not_recommended,none,,none,"Do not proceed with the ZAR 54,340 request. Although ZAR 6,394.85 is available today, the full amount cannot be completed safely within 90 days."
request_66,22200,affordable_now,full_payment,2026-04-03:22200,2026-04-03,none,"Pay INR 22,200 today. This leaves at least INR 80,700 available over the next 90 days."
request_67,368.05,affordable_later,wait,2024-09-15:2094,2024-09-15,none,"Pay USD 2,094 in full on 15 September 2024. Paying earlier would take the balance below the USD 1,200 minimum."
request_68,1629.68,affordable_with_plan,installments,2025-02-14:725.09|2025-03-14:725.09|2025-04-11:725.09,2025-02-15,none,"Use 3 installments of USD 725.09, starting 14 February 2025. This leaves at least USD 1,500 available."
request_69,529.1,affordable_now,full_payment,2026-01-04:529.10,2026-01-04,none,Pay EUR 529.10 today. This leaves at least EUR 700 available over the next 90 days.
request_70,61135.81,affordable_later,wait,2025-02-15:243900,2025-02-15,none,"Pay INR 243,900 in full on 15 February 2025. Paying earlier would take the balance below the INR 115,000 minimum."
request_71,501152.43,not_affordable,not_recommended,none,,none,"Do not make this payment by 28 May 2025. None of the available options keeps the IDR 8,884,800 minimum protected."
request_72,3580.96,not_affordable,not_recommended,none,,none,"Do not proceed with the ZAR 11,330 request. Although ZAR 3,580.96 is available today, the full amount cannot be completed safely within 90 days."
request_73,71400,affordable_now,full_payment,2023-01-20:71400,2023-01-20,none,"Pay INR 71,400 today. This leaves at least INR 103,200 available over the next 90 days."
request_74,5010,affordable_now,full_payment,2025-08-04:5010,2025-08-04,none,"Pay ZAR 5,010 today. This leaves at least ZAR 21,900 available over the next 90 days."
request_75,20589.56,not_affordable,not_recommended,none,,none,"Do not proceed with the ZAR 28,270 request. Although ZAR 20,589.56 is available today, the full amount cannot be completed safely within 90 days."
request_76,795.36,not_affordable,not_recommended,none,,none,"Do not proceed with the USD 4,455.60 request. Although USD 795.36 is available today, the full amount cannot be completed safely within 90 days."
request_77,55763.74,not_affordable,not_recommended,none,,none,"Do not proceed with the INR 60,700 request. Although INR 55,763.74 is available today, the full amount cannot be completed safely within 90 days."
request_78,50200,affordable_now,full_payment,2025-10-02:50200,2025-10-02,none,"Pay INR 50,200 today. This leaves at least INR 55,200 available over the next 90 days."
request_79,709.14,affordable_with_plan,partial_payment,2024-09-04:709.14|2024-09-15:1442.46,2024-09-15,none,"Pay EUR 709.14 today and the remaining EUR 1,442.46 on 15 September 2024. This completes the full request and keeps the EUR 1,000 minimum protected."
request_80,113919.1,not_affordable,not_recommended,none,,none,"Do not proceed with the INR 217,500 request. Although INR 113,919.10 is available today, the full amount cannot be completed safely within 90 days."
request_81,2076,affordable_now,full_payment,2026-07-03:2076,2026-07-03,none,"Pay USD 2,076 today. This leaves at least USD 1,600 available over the next 90 days."
request_82,319.9,not_affordable,not_recommended,none,,none,"Do not proceed with the USD 1,405.20 request. Although USD 319.90 is available today, the full amount cannot be completed safely within 90 days."
request_83,2937.18,not_affordable,not_recommended,none,,none,"Do not make this payment by 17 June 2025. None of the available options keeps the INR 37,800 minimum protected."
request_84,30165.34,affordable_later,wait,2026-05-15:95400,2026-05-15,none,"Pay INR 95,400 in full on 15 May 2026. Paying earlier would take the balance below the INR 91,300 minimum."
request_85,1000767.41,not_affordable,not_recommended,none,,none,"Do not make this payment by 26 April 2024. None of the available options keeps the IDR 6,396,300 minimum protected."
request_86,46300,affordable_now,full_payment,2025-08-03:46300,2025-08-03,none,"Pay INR 46,300 today. This leaves at least INR 84,900 available over the next 90 days."
request_87,4020.28,not_affordable,not_recommended,none,,none,"Do not make this payment by 15 March 2026. None of the available options keeps the INR 185,900 minimum protected."
request_88,11959.79,affordable_with_plan,installments,2024-06-14:9045.23|2024-07-15:9045.23|2024-08-15:9045.23,2024-06-15,none,"Use 3 installments of ZAR 9,045.23, starting 14 June 2024. This leaves at least ZAR 25,800 available."
request_89,9843866.07,affordable_with_plan,installments,2025-11-18:4768746.67|2025-12-16:4768746.67|2026-01-13:4768746.67,2025-11-15,none,"Use 3 installments of IDR 4,768,746.67, starting 18 November 2025. This leaves at least IDR 12,534,700 available."
request_90,2560,affordable_now,full_payment,2026-07-06:2560,2026-07-06,none,"Pay ZAR 2,560 today. This leaves at least ZAR 7,600 available over the next 90 days."
request_91,595.91,affordable_later,wait,2024-11-15:1927.20,2024-11-15,none,"Pay EUR 1,927.20 in full on 15 November 2024. Paying earlier would take the balance below the EUR 2,100 minimum."
request_92,34034,affordable_now,full_payment,2025-02-05:34034,2025-02-05,none,"Pay ZAR 34,034 today. This leaves at least ZAR 28,100 available over the next 90 days."
request_93,1729.2,affordable_now,full_payment,2026-04-07:1729.20,2026-04-07,none,"Pay USD 1,729.20 today. This leaves at least USD 1,900 available over the next 90 days."
request_94,572,affordable_now,full_payment,2024-12-04:572,2024-12-04,none,Pay EUR 572 today. This leaves at least EUR 600 available over the next 90 days.
request_95,51645.87,not_affordable,not_recommended,none,,none,"Do not make this payment by 14 July 2025. None of the available options keeps the INR 145,500 minimum protected."
request_96,9304.32,not_affordable,not_recommended,none,,none,"Do not proceed with the INR 90,200 request. Although INR 9,304.32 is available today, the full amount cannot be completed safely within 90 days."
request_97,2960.25,affordable_with_plan,installments,2024-03-19:8145.28|2024-04-19:8145.28|2024-05-20:8145.28,2024-03-15,none,"Use 3 installments of ZAR 8,145.28, starting 19 March 2024. This leaves at least ZAR 29,700 available."
request_98,11961.46,affordable_later,wait,2025-09-15:27148,2025-09-15,none,"Pay ZAR 27,148 in full on 15 September 2025. Paying earlier would take the balance below the ZAR 30,000 minimum."
request_99,18062,affordable_now,full_payment,2026-07-04:18062,2026-07-04,none,"Pay ZAR 18,062 today. This leaves at least ZAR 49,100 available over the next 90 days."
request_100,25579.2,affordable_with_plan,installments,2024-06-13:12866.19|2024-07-14:12866.19|2024-08-14:12866.19,2024-06-15,none,"Use 3 installments of ZAR 12,866.19, starting 13 June 2024. This leaves at least ZAR 32,500 available."
request_101,143500,affordable_now,full_payment,2025-11-03:143500,2025-11-03,none,"Pay INR 143,500 today. This leaves at least INR 187,400 available over the next 90 days."
request_102,1716,affordable_with_plan,installments,2026-04-05:594.88|2026-05-05:594.88|2026-06-04:594.88,2026-04-05,none,"Use 3 installments of EUR 594.88, starting 5 April 2026. This leaves at least EUR 900 available."
request_103,4631.27,not_affordable,not_recommended,none,,none,"Do not make this payment by 7 October 2024. None of the available options keeps the INR 125,500 minimum protected."
request_104,17204,affordable_now,full_payment,2025-02-04:17204,2025-02-04,none,"Pay ZAR 17,204 today. This leaves at least ZAR 24,700 available over the next 90 days."
request_105,52435.94,affordable_with_plan,full_payment,2026-06-08:53500,2026-06-15,reduce_to:event_9720:1632,"Reduce the household shopping to INR 1,632, then pay INR 53,500 today. This leaves at least INR 73,900 available."
request_106,910.06,affordable_later,wait,2024-12-15:2207.70,2024-12-15,none,"Pay EUR 2,207.70 in full on 15 December 2024. Paying earlier would take the balance below the EUR 1,200 minimum."
request_107,501.86,not_affordable,not_recommended,none,,none,"Do not proceed with the EUR 2,534.40 request. Although EUR 501.86 is available today, the full amount cannot be completed safely within 90 days."
request_108,3386.06,not_affordable,not_recommended,none,,none,"Do not make this payment by 26 July 2026. None of the available options keeps the ZAR 24,100 minimum protected."
request_109,677.57,affordable_with_plan,installments,2024-03-18:645.98|2024-04-18:645.98|2024-05-19:645.98,2024-03-15,none,"Use 3 installments of EUR 645.98, starting 18 March 2024. This leaves at least EUR 1,700 available."
request_110,22352,affordable_with_plan,installments,2025-08-06:7748.69|2025-09-03:7748.69|2025-10-01:7748.69,2025-08-06,none,"Use 3 installments of ZAR 7,748.69, starting 6 August 2025. This leaves at least ZAR 11,200 available."
request_111,16625000,affordable_now,full_payment,2026-04-03:16625000,2026-04-03,none,"Pay IDR 16,625,000 today. This leaves at least IDR 23,022,800 available over the next 90 days."
request_112,0,not_affordable,not_recommended,none,,none,Do not make this payment by 14 June 2024. None of the available options keeps the EUR 500 minimum protected.
request_113,32737.05,affordable_later,wait,2026-09-15:36500,2026-09-15,none,"Pay INR 36,500 in full on 15 September 2026. Paying earlier would take the balance below the INR 82,300 minimum."
request_114,65300,affordable_now,full_payment,2026-01-04:65300,2026-01-04,none,"Pay INR 65,300 today. This leaves at least INR 113,400 available over the next 90 days."
request_115,16803.84,affordable_later,wait,2024-11-15:80500,2024-11-15,none,"Pay INR 80,500 in full on 15 November 2024. Paying earlier would take the balance below the INR 38,800 minimum."
request_116,16414.02,not_affordable,not_recommended,none,,none,"Do not make this payment by 16 April 2025. None of the available options keeps the INR 80,300 minimum protected."
request_117,863.96,affordable_with_plan,full_payment,2026-07-05:880,2026-07-15,reduce_to:event_10833:11|reduce_to:event_10869:20.50,"Reduce the family streaming plan to EUR 11 and reduce the quick-service meal to EUR 20.50, then pay EUR 880 today. This leaves at least EUR 1,000 available."
request_118,704.99,affordable_with_plan,installments,2024-12-07:255.87|2025-01-07:255.87|2025-02-07:255.87,2024-12-15,none,"Use 3 installments of EUR 255.87, starting 7 December 2024. This leaves at least EUR 600 available."
request_119,70473.18,affordable_with_plan,installments,2025-05-18:70546.67|2025-06-15:70546.67|2025-07-13:70546.67,2025-06-15,none,"Use 3 installments of INR 70,546.67, starting 18 May 2025. This leaves at least INR 151,200 available."
request_120,7714000,affordable_now,full_payment,2026-04-06:7714000,2026-04-06,none,"Pay IDR 7,714,000 today. This leaves at least IDR 20,050,300 available over the next 90 days."
request_121,633.6,affordable_now,full_payment,2024-03-03:633.60,2024-03-03,none,Pay USD 633.60 today. This leaves at least USD 800 available over the next 90 days.
request_122,20558000,affordable_with_plan,installments,2025-08-05:7126773.33|2025-09-02:7126773.33|2025-09-30:7126773.33,2025-08-05,none,"Use 3 installments of IDR 7,126,773.33, starting 5 August 2025. This leaves at least IDR 12,588,500 available."
request_123,4076000,affordable_now,full_payment,2026-01-07:4076000,2026-01-07,none,"Pay IDR 4,076,000 today. This leaves at least IDR 18,091,200 available over the next 90 days."
request_124,1497.09,affordable_with_plan,installments,2024-06-11:1076.12|2024-07-12:1076.12|2024-08-12:1076.12,2024-06-15,none,"Use 3 installments of EUR 1,076.12, starting 11 June 2024. This leaves at least EUR 1,600 available."
request_125,6468,affordable_now,full_payment,2025-11-06:6468,2025-11-06,none,"Pay ZAR 6,468 today. This leaves at least ZAR 11,300 available over the next 90 days."
request_126,159600,affordable_now,full_payment,2026-07-03:159600,2026-07-03,none,"Pay INR 159,600 today. This leaves at least INR 129,700 available over the next 90 days."
request_127,0,not_affordable,not_recommended,none,,none,"Do not make this payment by 18 October 2024. None of the available options keeps the ZAR 41,000 minimum protected."
request_128,25168,affordable_now,full_payment,2025-02-07:25168,2025-02-07,none,"Pay ZAR 25,168 today. This leaves at least ZAR 42,600 available over the next 90 days."
request_129,115.68,not_affordable,not_recommended,none,,none,Do not make this payment by 18 June 2026. None of the available options keeps the USD 800 minimum protected.
request_130,281.56,affordable_later,wait,2025-02-15:1978.80,2025-02-15,none,"Pay USD 1,978.80 in full on 15 February 2025. Paying earlier would take the balance below the USD 1,400 minimum."
request_131,1493.67,affordable_with_plan,installments,2025-05-06:643.14|2025-06-03:643.14|2025-07-01:643.14,2025-05-15,none,"Use 3 installments of USD 643.14, starting 6 May 2025. This leaves at least USD 1,100 available."
request_132,379.86,affordable_now,full_payment,2026-01-05:379.86,2026-01-05,none,"Pay USD 379.86 today. This leaves at least USD 1,100 available over the next 90 days."
request_133,15770000,not_affordable,not_recommended,none,,none,"Do not proceed with the IDR 15,770,000 request. Although IDR 15,770,000 is available today, the full amount cannot be completed safely within 90 days."
request_134,6528465.45,affordable_later,wait,2025-08-15:21831000,2025-08-15,none,"Pay IDR 21,831,000 in full on 15 August 2025. Paying earlier would take the balance below the IDR 15,902,500 minimum."
request_135,304.49,affordable_with_plan,full_payment,2026-07-06:304.80,2026-07-15,reduce_to:event_12413:11.50,"Reduce the video streaming plan to USD 11.50, then pay USD 304.80 today. This leaves at least USD 500 available."
request_136,517.17,not_affordable,not_recommended,none,,none,"Do not proceed with the USD 560.40 request. Although USD 517.17 is available today, the full amount cannot be completed safely within 90 days."
request_137,25526.25,affordable_later,wait,2026-01-15:80100,2026-01-15,none,"Pay INR 80,100 in full on 15 January 2026. Paying earlier would take the balance below the INR 71,800 minimum."
request_138,794.69,affordable_with_plan,partial_payment,2026-04-07:794.69|2026-04-15:462.25,2026-04-15,none,"Pay EUR 794.69 today and the remaining EUR 462.25 on 15 April 2026. This completes the full request and keeps the EUR 2,300 minimum protected."
request_139,1558.01,affordable_with_plan,installments,2024-09-07:802.88|2024-10-08:802.88|2024-11-08:802.88,2024-09-15,none,"Use 3 installments of USD 802.88, starting 7 September 2024. This leaves at least USD 1,500 available."
request_140,0,not_affordable,not_recommended,none,,none,"Do not make this payment by 4 March 2025. None of the available options keeps the ZAR 21,600 minimum protected."
request_141,27508.29,not_affordable,not_recommended,none,,none,"Do not proceed with the INR 171,600 request. Although INR 27,508.29 is available today, the full amount cannot be completed safely within 90 days."
request_142,1263.6,affordable_now,full_payment,2024-12-05:1263.60,2024-12-05,none,"Pay USD 1,263.60 today. This leaves at least USD 1,700 available over the next 90 days."
request_143,2080.71,not_affordable,not_recommended,none,,none,"Do not proceed with the ZAR 12,584 request. Although ZAR 2,080.71 is available today, the full amount cannot be completed safely within 90 days."
request_144,0,not_affordable,not_recommended,none,,none,Do not make this payment by 26 July 2026. None of the available options keeps the USD 600 minimum protected.
request_145,66935,affordable_with_plan,installments,2024-03-20:75365.33|2024-04-20:75365.33|2024-05-21:75365.33,2024-04-15,none,"Use 3 installments of INR 75,365.33, starting 20 March 2024. This leaves at least INR 155,400 available."
request_146,10487.78,not_affordable,not_recommended,none,,none,"Do not make this payment by 17 October 2025. None of the available options keeps the INR 108,600 minimum protected."
request_147,398.66,affordable_with_plan,installments,2026-04-08:391.63|2026-05-08:391.63|2026-06-07:391.63,2026-05-15,none,"Use 3 installments of EUR 391.63, starting 8 April 2026. This leaves at least EUR 900 available."
request_148,9455.35,affordable_with_plan,installments,2024-06-14:7710.56|2024-07-15:7710.56|2024-08-15:7710.56,2024-07-15,none,"Use 3 installments of ZAR 7,710.56, starting 14 June 2024. This leaves at least ZAR 20,000 available."
request_149,19900,affordable_with_plan,installments,2025-11-18:12706.03|2025-12-16:12706.03|2026-01-13:12706.03,2025-11-15,none,"Use 3 installments of ZAR 12,706.03, starting 18 November 2025. This leaves at least ZAR 42,100 available."
request_150,251.85,not_affordable,not_recommended,none,,none,"Do not proceed with the EUR 496.10 request. Although EUR 251.85 is available today, the full amount cannot be completed safely within 90 days."
request_151,26999000,affordable_now,full_payment,2024-09-03:26999000,2024-09-03,none,"Pay IDR 26,999,000 today. This leaves at least IDR 31,633,600 available over the next 90 days."
request_152,12289.48,affordable_with_plan,installments,2025-02-12:4812.43|2025-03-12:4812.43|2025-04-09:4812.43,2025-02-15,none,"Use 3 installments of ZAR 4,812.43, starting 12 February 2025. This leaves at least ZAR 11,900 available."
request_153,321.64,not_affordable,not_recommended,none,,none,"Do not proceed with the USD 2,830.80 request. Although USD 321.64 is available today, the full amount cannot be completed safely within 90 days."
request_154,1625.8,affordable_with_plan,installments,2024-12-04:563.61|2025-01-04:563.61|2025-02-04:563.61,2024-12-04,none,"Use 3 installments of EUR 563.61, starting 4 December 2024. This leaves at least EUR 1,300 available."
request_155,112500,affordable_now,full_payment,2025-05-06:112500,2025-05-06,none,"Pay INR 112,500 today. This leaves at least INR 56,300 available over the next 90 days."
request_156,8469.02,affordable_later,wait,2026-06-15:43076,2026-06-15,none,"Pay ZAR 43,076 in full on 15 June 2026. Paying earlier would take the balance below the ZAR 26,900 minimum."
request_157,6449995.2,affordable_later,wait,2024-04-15:23503000,2024-04-15,none,"Pay IDR 23,503,000 in full on 15 April 2024. Paying earlier would take the balance below the IDR 15,714,100 minimum."
request_158,206389.51,not_affordable,not_recommended,none,,none,"Do not proceed with the INR 242,600 request. Although INR 206,389.51 is available today, the full amount cannot be completed safely within 90 days."
request_159,6670.03,not_affordable,not_recommended,none,,none,"Do not proceed with the ZAR 13,398 request. Although ZAR 6,670.03 is available today, the full amount cannot be completed safely within 90 days."
request_160,482.22,affordable_with_plan,installments,2024-06-13:432.05|2024-07-14:432.05|2024-08-14:432.05,2024-06-15,none,"Use 3 installments of EUR 432.05, starting 13 June 2024. This leaves at least EUR 1,200 available."
request_161,0,not_affordable,not_recommended,none,,none,"Do not make this payment by 15 January 2026. None of the available options keeps the IDR 23,010,400 minimum protected."
request_162,486614.41,not_affordable,not_recommended,none,,none,"Do not make this payment by 26 August 2026. None of the available options keeps the IDR 24,161,100 minimum protected."
request_163,0,not_affordable,not_recommended,none,,none,"Do not make this payment by 15 November 2024. None of the available options keeps the IDR 26,728,700 minimum protected."
request_164,27018000,affordable_with_plan,installments,2025-02-11:9366240|2025-03-11:9366240|2025-04-08:9366240,2025-02-04,none,"Use 3 installments of IDR 9,366,240, starting 11 February 2025. This leaves at least IDR 29,550,500 available."
request_165,39860.87,not_affordable,not_recommended,none,,none,"Do not proceed with the INR 80,600 request. Although INR 39,860.87 is available today, the full amount cannot be completed safely within 90 days."
request_166,2907.6,affordable_with_plan,installments,2024-12-03:1007.97|2025-01-03:1007.97|2025-02-03:1007.97,2024-12-03,none,"Use 3 installments of USD 1,007.97, starting 3 December 2024. This leaves at least USD 1,700 available."
request_167,43802,affordable_now,full_payment,2025-05-05:43802,2025-05-05,none,"Pay ZAR 43,802 today. This leaves at least ZAR 31,200 available over the next 90 days."
request_168,43454.63,affordable_with_plan,partial_payment,2026-01-07:43454.63|2026-01-15:5925.37,2026-01-15,none,"Pay INR 43,454.63 today and the remaining INR 5,925.37 on 15 January 2026. This completes the full request and keeps the INR 114,400 minimum protected."
request_169,41976,affordable_now,full_payment,2024-03-04:41976,2024-03-04,none,"Pay ZAR 41,976 today. This leaves at least ZAR 18,700 available over the next 90 days."
request_170,32901660.33,affordable_with_plan,installments,2025-08-06:12804480|2025-09-03:12804480|2025-10-01:12804480,2025-08-15,none,"Use 3 installments of IDR 12,804,480, starting 6 August 2025. This leaves at least IDR 24,715,800 available."
request_171,0,not_affordable,not_recommended,none,,none,Do not make this payment by 10 September 2026. None of the available options keeps the EUR 500 minimum protected.
request_172,10200,affordable_with_plan,installments,2024-06-05:5304|2024-07-03:5304,2024-06-05,none,"Use 2 installments of ZAR 5,304, starting 5 June 2024. This leaves at least ZAR 27,200 available."
request_173,74411.37,affordable_with_plan,installments,2025-11-21:39173.33|2025-12-19:39173.33|2026-01-16:39173.33,2025-11-15,none,"Use 3 installments of INR 39,173.33, starting 21 November 2025. This leaves at least INR 79,100 available."
request_174,1146.2,affordable_with_plan,installments,2026-04-04:397.35|2026-05-04:397.35|2026-06-03:397.35,2026-04-04,none,"Use 3 installments of EUR 397.35, starting 4 April 2026. This leaves at least EUR 700 available."
request_175,2346.3,affordable_now,full_payment,2024-09-06:2346.30,2024-09-06,none,"Pay EUR 2,346.30 today. This leaves at least EUR 1,700 available over the next 90 days."
request_176,418.9,not_affordable,not_recommended,none,,none,"Do not proceed with the EUR 1,239.70 request. Although EUR 418.90 is available today, the full amount cannot be completed safely within 90 days."
request_177,1017.6,affordable_now,full_payment,2026-01-05:1017.60,2026-01-05,none,"Pay USD 1,017.60 today. This leaves at least USD 1,300 available over the next 90 days."
request_178,2938.1,affordable_with_plan,installments,2024-12-07:1018.54|2025-01-07:1018.54|2025-02-07:1018.54,2024-12-07,none,"Use 3 installments of EUR 1,018.54, starting 7 December 2024. This leaves at least EUR 1,400 available."
request_179,22937193.7,affordable_later,wait,2025-06-15:41648000,2025-06-15,none,"Pay IDR 41,648,000 in full on 15 June 2025. Paying earlier would take the balance below the IDR 41,430,800 minimum."
request_180,8891.68,not_affordable,not_recommended,none,,none,"Do not proceed with the INR 66,500 request. Although INR 8,891.68 is available today, the full amount cannot be completed safely within 90 days."
request_181,401.07,not_affordable,not_recommended,none,,none,"Do not make this payment by 7 April 2024. None of the available options keeps the USD 2,000 minimum protected."
request_182,65714,affordable_now,full_payment,2025-08-05:65714,2025-08-05,none,"Pay ZAR 65,714 today. This leaves at least ZAR 31,100 available over the next 90 days."
request_183,18360002.74,not_affordable,not_recommended,none,,none,"Do not proceed with the IDR 26,866,000 request. Although IDR 18,360,002.74 is available today, the full amount cannot be completed safely within 90 days."
request_184,9949.66,not_affordable,not_recommended,none,,none,"Do not make this payment by 30 July 2024. None of the available options keeps the INR 110,800 minimum protected."
request_185,505.39,affordable_later,wait,2025-12-15:1257.30,2025-12-15,none,"Pay EUR 1,257.30 in full on 15 December 2025. Paying earlier would take the balance below the EUR 1,300 minimum."
request_186,11855.72,affordable_later,wait,2026-03-15:26554,2026-03-15,none,"Pay ZAR 26,554 in full on 15 March 2026. Paying earlier would take the balance below the ZAR 22,000 minimum."
request_187,29239.23,affordable_later,wait,2024-09-15:187500,2024-09-15,none,"Pay INR 187,500 in full on 15 September 2024. Paying earlier would take the balance below the INR 128,300 minimum."
request_188,185.52,not_affordable,not_recommended,none,,none,Do not make this payment by 4 March 2025. None of the available options keeps the EUR 900 minimum protected.
request_189,488.4,affordable_now,full_payment,2026-07-04:488.40,2026-07-04,none,Pay EUR 488.40 today. This leaves at least EUR 400 available over the next 90 days.
request_190,614.3,affordable_later,wait,2024-12-15:2557.50,2024-12-15,none,"Pay EUR 2,557.50 in full on 15 December 2024. Paying earlier would take the balance below the EUR 1,600 minimum."
request_191,664.4,affordable_now,full_payment,2025-05-03:664.40,2025-05-03,none,Pay EUR 664.40 today. This leaves at least EUR 500 available over the next 90 days.
request_192,184.79,not_affordable,not_recommended,none,,none,"Do not make this payment by 11 May 2026. None of the available options keeps the USD 1,000 minimum protected."
request_193,13.12,affordable_with_plan,installments,2024-03-21:420.23|2024-04-21:420.23|2024-05-22:420.23,2024-04-15,none,"Use 3 installments of EUR 420.23, starting 21 March 2024. This leaves at least EUR 1,000 available."
request_194,47429.67,affordable_later,wait,2025-08-15:132800,2025-08-15,none,"Pay INR 132,800 in full on 15 August 2025. Paying earlier would take the balance below the INR 113,600 minimum."
request_195,1005.21,affordable_with_plan,installments,2026-01-09:405.74|2026-02-08:405.74|2026-03-10:405.74,2026-01-15,none,"Use 3 installments of EUR 405.74, starting 9 January 2026. This leaves at least EUR 700 available."
request_196,762.3,affordable_now,full_payment,2024-06-03:762.30,2024-06-03,none,Pay EUR 762.30 today. This leaves at least EUR 500 available over the next 90 days.
request_197,1521164.65,not_affordable,not_recommended,none,,none,"Do not make this payment by 21 January 2026. None of the available options keeps the IDR 26,245,900 minimum protected."
request_198,185800,affordable_now,full_payment,2026-07-07:185800,2026-07-07,none,"Pay INR 185,800 today. This leaves at least INR 124,300 available over the next 90 days."
request_199,23674000,affordable_with_plan,installments,2024-09-07:8206986.67|2024-10-08:8206986.67|2024-11-08:8206986.67,2024-09-04,none,"Use 3 installments of IDR 8,206,986.67, starting 7 September 2024. This leaves at least IDR 25,359,500 available."
request_200,21717000,affordable_now,full_payment,2025-02-06:21717000,2025-02-06,none,"Pay IDR 21,717,000 today. This leaves at least IDR 20,114,600 available over the next 90 days."
request_201,23997000,affordable_now,full_payment,2026-04-03:23997000,2026-04-03,none,"Pay IDR 23,997,000 today. This leaves at least IDR 17,304,500 available over the next 90 days."
request_202,123900,affordable_now,full_payment,2024-12-05:123900,2024-12-05,none,"Pay INR 123,900 today. This leaves at least INR 147,800 available over the next 90 days."
request_203,869.32,not_affordable,not_recommended,none,,none,"Do not proceed with the EUR 1,442.10 request. Although EUR 869.32 is available today, the full amount cannot be completed safely within 90 days."
request_204,0,not_affordable,not_recommended,none,,none,"Do not make this payment by 31 January 2026. None of the available options keeps the EUR 1,300 minimum protected."
request_205,10621000,affordable_now,full_payment,2024-03-06:10621000,2024-03-06,none,"Pay IDR 10,621,000 today. This leaves at least IDR 13,994,300 available over the next 90 days."
request_206,1404.7,affordable_with_plan,installments,2025-08-03:486.96|2025-08-31:486.96|2025-09-28:486.96,2025-08-03,none,"Use 3 installments of EUR 486.96, starting 3 August 2025. This leaves at least EUR 900 available."
request_207,8007.92,affordable_later,wait,2026-07-15:11830,2026-07-15,none,"Pay ZAR 11,830 in full on 15 July 2026. Paying earlier would take the balance below the ZAR 13,600 minimum."
request_208,3324887.03,affordable_later,wait,2024-06-15:4413000,2024-06-15,none,"Pay IDR 4,413,000 in full on 15 June 2024. Paying earlier would take the balance below the IDR 10,470,700 minimum."
request_209,306.11,not_affordable,not_recommended,none,,none,"Do not make this payment by 25 November 2025. None of the available options keeps the ZAR 18,400 minimum protected."
request_210,709.11,affordable_with_plan,partial_payment,2026-04-06:709.11|2026-04-15:650.91,2026-04-15,none,"Pay USD 709.11 today and the remaining USD 650.91 on 15 April 2026. This completes the full request and keeps the USD 2,000 minimum protected."
request_211,320.53,affordable_later,wait,2024-09-15:1788.60,2024-09-15,none,"Pay EUR 1,788.60 in full on 15 September 2024. Paying earlier would take the balance below the EUR 1,500 minimum."
request_212,8009180.34,not_affordable,not_recommended,none,,none,"Do not proceed with the IDR 71,934,000 request. Although IDR 8,009,180.34 is available today, the full amount cannot be completed safely within 90 days."
request_213,3362.4,affordable_with_plan,installments,2026-01-21:1165.63|2026-02-20:1165.63|2026-03-22:1165.63,2026-01-07,none,"Use 3 installments of USD 1,165.63, starting 21 January 2026. This leaves at least USD 2,100 available."
request_214,69750,affordable_with_plan,installments,2024-12-04:36270|2025-01-01:36270,2024-12-04,none,"Use 2 installments of INR 36,270, starting 4 December 2024. This leaves at least INR 174,900 available."
request_215,29986,affordable_with_plan,installments,2025-05-09:10395.15|2025-06-06:10395.15|2025-07-04:10395.15,2025-05-06,none,"Use 3 installments of ZAR 10,395.15, starting 9 May 2025. This leaves at least ZAR 15,700 available."
request_216,335,affordable_later,wait,2026-09-15:3332.40,2026-09-15,none,"Pay USD 3,332.40 in full on 15 September 2026. Paying earlier would take the balance below the USD 1,800 minimum."
request_217,22592.64,affordable_with_plan,installments,2024-03-19:12889.07|2024-04-19:12889.07|2024-05-20:12889.07,2024-03-15,none,"Use 3 installments of ZAR 12,889.07, starting 19 March 2024. This leaves at least ZAR 26,800 available."
request_218,26937454.05,affordable_with_plan,installments,2025-08-07:21195893.33|2025-09-04:21195893.33|2025-10-02:21195893.33,2025-08-15,none,"Use 3 installments of IDR 21,195,893.33, starting 7 August 2025. This leaves at least IDR 34,477,200 available."
request_219,1386.23,affordable_with_plan,installments,2026-04-07:580.01|2026-05-07:580.01|2026-06-06:580.01,2026-04-15,none,"Use 3 installments of EUR 580.01, starting 7 April 2026. This leaves at least EUR 1,100 available."
request_220,170.19,not_affordable,not_recommended,none,,none,"Do not make this payment by 3 July 2024. None of the available options keeps the EUR 1,100 minimum protected."
request_221,109800,affordable_now,full_payment,2025-11-03:109800,2025-11-03,none,"Pay INR 109,800 today. This leaves at least INR 81,500 available over the next 90 days."
request_222,34078,affordable_now,full_payment,2026-01-05:34078,2026-01-05,none,"Pay ZAR 34,078 today. This leaves at least ZAR 27,300 available over the next 90 days."
request_223,898.7,affordable_now,full_payment,2024-09-07:898.70,2024-09-07,none,Pay EUR 898.70 today. This leaves at least EUR 800 available over the next 90 days.
request_224,10327000,affordable_with_plan,installments,2025-02-04:5370040|2025-03-04:5370040,2025-02-04,none,"Use 2 installments of IDR 5,370,040, starting 4 February 2025. This leaves at least IDR 22,187,600 available."
request_225,12560549.61,affordable_with_plan,installments,2026-07-20:7647120|2026-08-19:7647120|2026-09-18:7647120,2026-08-15,none,"Use 3 installments of IDR 7,647,120, starting 20 July 2026. This leaves at least IDR 17,670,700 available."
request_226,157000,affordable_now,full_payment,2024-12-03:157000,2024-12-03,none,"Pay INR 157,000 today. This leaves at least INR 209,400 available over the next 90 days."
request_227,17298.24,not_affordable,not_recommended,none,,none,"Do not make this payment by 20 June 2025. None of the available options keeps the INR 62,900 minimum protected."
request_228,0,not_affordable,not_recommended,none,,none,"Do not make this payment by 30 April 2026. None of the available options keeps the IDR 26,191,200 minimum protected."
request_229,462.25,affordable_with_plan,installments,2024-03-18:529.29|2024-04-18:529.29|2024-05-19:529.29,2024-05-15,none,"Use 3 installments of EUR 529.29, starting 18 March 2024. This leaves at least EUR 1,000 available."
request_230,3537.6,affordable_now,full_payment,2025-08-06:3537.60,2025-08-06,none,"Pay EUR 3,537.60 today. This leaves at least EUR 2,000 available over the next 90 days."
request_231,34033.09,affordable_with_plan,installments,2026-01-06:12378.08|2026-02-05:12378.08|2026-03-07:12378.08,2026-01-15,none,"Use 3 installments of ZAR 12,378.08, starting 6 January 2026. This leaves at least ZAR 24,300 available."
request_232,0,not_affordable,not_recommended,none,,none,"Do not make this payment by 15 August 2024. None of the available options keeps the EUR 2,400 minimum protected."
request_233,0,not_affordable,not_recommended,none,,none,"Do not make this payment by 17 December 2025. None of the available options keeps the IDR 10,365,700 minimum protected."
request_234,280.03,affordable_later,wait,2026-09-15:1213.30,2026-09-15,none,"Pay EUR 1,213.30 in full on 15 September 2026. Paying earlier would take the balance below the EUR 700 minimum."
request_235,967.2,affordable_now,full_payment,2024-09-06:967.20,2024-09-06,none,Pay USD 967.20 today. This leaves at least USD 700 available over the next 90 days.
request_236,7243023.99,not_affordable,not_recommended,none,,none,"Do not proceed with the IDR 52,383,000 request. Although IDR 7,243,023.99 is available today, the full amount cannot be completed safely within 90 days."
request_237,23826000,affordable_now,full_payment,2026-04-05:23826000,2026-04-05,none,"Pay IDR 23,826,000 today. This leaves at least IDR 22,431,500 available over the next 90 days."
request_238,663.6,affordable_with_plan,installments,2024-12-07:230.05|2025-01-07:230.05|2025-02-07:230.05,2024-12-07,none,"Use 3 installments of USD 230.05, starting 7 December 2024. This leaves at least USD 700 available."
request_239,642,affordable_now,full_payment,2025-05-04:642,2025-05-04,none,Pay USD 642 today. This leaves at least USD 600 available over the next 90 days.
request_240,0,not_affordable,not_recommended,none,,none,"Do not make this payment by 20 March 2026. None of the available options keeps the INR 52,800 minimum protected."
request_241,21052000,affordable_with_plan,installments,2024-03-17:7298026.67|2024-04-17:7298026.67|2024-05-18:7298026.67,2024-03-03,none,"Use 3 installments of IDR 7,298,026.67, starting 17 March 2024. This leaves at least IDR 19,252,000 available."
request_242,0,not_affordable,not_recommended,none,,none,Do not make this payment by 25 August 2025. None of the available options keeps the EUR 600 minimum protected.
request_243,17468,affordable_now,full_payment,2026-07-07:17468,2026-07-07,none,"Pay ZAR 17,468 today. This leaves at least ZAR 19,900 available over the next 90 days."
request_244,7323.6,not_affordable,not_recommended,none,,none,"Do not proceed with the ZAR 49,918 request. Although ZAR 7,323.60 is available today, the full amount cannot be completed safely within 90 days."
request_245,43951.77,affordable_later,wait,2025-12-15:128500,2025-12-15,none,"Pay INR 128,500 in full on 15 December 2025. Paying earlier would take the balance below the INR 94,600 minimum."
request_246,64086,affordable_with_plan,installments,2026-04-03:22216.48|2026-05-03:22216.48|2026-06-02:22216.48,2026-04-03,none,"Use 3 installments of ZAR 22,216.48, starting 3 April 2026. This leaves at least ZAR 39,300 available."
request_247,1059.3,affordable_now,full_payment,2024-09-05:1059.30,2024-09-05,none,"Pay EUR 1,059.30 today. This leaves at least EUR 1,300 available over the next 90 days."
request_248,1028.62,affordable_with_plan,partial_payment,2025-02-07:1028.62|2025-02-15:936.98,2025-02-15,none,"Pay USD 1,028.62 today and the remaining USD 936.98 on 15 February 2025. This completes the full request and keeps the USD 1,300 minimum protected."
request_249,200.62,affordable_later,wait,2026-02-15:643.20,2026-02-15,none,Pay USD 643.20 in full on 15 February 2026. Paying earlier would take the balance below the USD 600 minimum.
request_250,17762.28,affordable_with_plan,partial_payment,2024-12-06:17762.28|2025-01-15:106515.72,2025-01-15,none,"Pay ZAR 17,762.28 today and the remaining ZAR 106,515.72 on 15 January 2025. This completes the full request and keeps the ZAR 35,300 minimum protected."
request_251,1513.6,not_affordable,not_recommended,none,,none,"Do not proceed with the EUR 1,513.60 request. Although EUR 1,513.60 is available today, the full amount cannot be completed safely within 90 days."
request_252,6421663.45,affordable_later,wait,2026-08-15:28082000,2026-08-15,none,"Pay IDR 28,082,000 in full on 15 August 2026. Paying earlier would take the balance below the IDR 15,152,200 minimum."
request_253,1317.13,not_affordable,not_recommended,none,,none,"Do not proceed with the EUR 2,840.20 request. Although EUR 1,317.13 is available today, the full amount cannot be completed safely within 90 days."
request_254,1068.45,affordable_later,wait,2025-09-15:3535.20,2025-09-15,none,"Pay USD 3,535.20 in full on 15 September 2025. Paying earlier would take the balance below the USD 2,500 minimum."
request_255,3345000,affordable_now,full_payment,2026-04-06:3345000,2026-04-06,none,"Pay IDR 3,345,000 today. This leaves at least IDR 9,813,900 available over the next 90 days."
request_256,30703.49,not_affordable,not_recommended,none,,none,"Do not proceed with the INR 218,700 request. Although INR 30,703.49 is available today, the full amount cannot be completed safely within 90 days."
request_257,505.73,affordable_later,wait,2025-11-15:1352.40,2025-11-15,none,"Pay USD 1,352.40 in full on 15 November 2025. Paying earlier would take the balance below the USD 1,600 minimum."
request_258,1113.6,affordable_now,full_payment,2026-01-07:1113.60,2026-01-07,none,"Pay USD 1,113.60 today. This leaves at least USD 500 available over the next 90 days."
request_259,422.86,affordable_later,wait,2024-11-15:935,2024-11-15,none,Pay EUR 935 in full on 15 November 2024. Paying earlier would take the balance below the EUR 600 minimum.
request_260,9622651.58,affordable_with_plan,partial_payment,2025-02-06:9622651.58|2025-03-15:42456348.42,2025-03-15,none,"Pay IDR 9,622,651.58 today and the remaining IDR 42,456,348.42 on 15 March 2025. This completes the full request and keeps the IDR 20,727,700 minimum protected."
request_261,1830.4,affordable_now,full_payment,2026-07-03:1830.40,2026-07-03,none,"Pay EUR 1,830.40 today. This leaves at least EUR 1,500 available over the next 90 days."
request_262,9236000,affordable_now,full_payment,2024-12-05:9236000,2024-12-05,none,"Pay IDR 9,236,000 today. This leaves at least IDR 31,018,500 available over the next 90 days."
request_263,6708.99,not_affordable,not_recommended,none,,none,"Do not proceed with the ZAR 51,546 request. Although ZAR 6,708.99 is available today, the full amount cannot be completed safely within 90 days."
request_264,27291.46,affordable_later,wait,2026-05-15:111300,2026-05-15,none,"Pay INR 111,300 in full on 15 May 2026. Paying earlier would take the balance below the INR 59,500 minimum."
request_265,45970,affordable_now,full_payment,2024-03-06:45970,2024-03-06,none,"Pay INR 45,970 today. This leaves at least INR 189,700 available over the next 90 days."
request_266,935,affordable_with_plan,installments,2025-08-03:324.13|2025-08-31:324.13|2025-09-28:324.13,2025-08-03,none,"Use 3 installments of EUR 324.13, starting 3 August 2025. This leaves at least EUR 900 available."
request_267,1645.45,affordable_with_plan,installments,2026-01-08:667.33|2026-02-07:667.33|2026-03-09:667.33,2026-02-15,none,"Use 3 installments of EUR 667.33, starting 8 January 2026. This leaves at least EUR 1,500 available."
request_268,1033.69,affordable_with_plan,installments,2024-06-14:841.22|2024-07-15:841.22|2024-08-15:841.22,2024-08-15,none,"Use 3 installments of EUR 841.22, starting 14 June 2024. This leaves at least EUR 1,400 available."
request_269,0,not_affordable,not_recommended,none,,none,"Do not make this payment by 2 January 2026. None of the available options keeps the ZAR 23,100 minimum protected."
request_270,118.84,not_affordable,not_recommended,none,,none,"Do not make this payment by 30 August 2026. None of the available options keeps the USD 1,400 minimum protected."
request_271,16661.28,affordable_later,wait,2024-11-15:91300,2024-11-15,none,"Pay INR 91,300 in full on 15 November 2024. Paying earlier would take the balance below the INR 58,200 minimum."
request_272,6204073.94,affordable_with_plan,installments,2025-02-12:4709466.67|2025-03-12:4709466.67|2025-04-09:4709466.67,2025-03-15,none,"Use 3 installments of IDR 4,709,466.67, starting 12 February 2025. This leaves at least IDR 7,508,600 available."
request_273,10764260.96,affordable_with_plan,partial_payment,2026-04-07:10764260.96|2026-04-15:5096739.04,2026-04-15,none,"Pay IDR 10,764,260.96 today and the remaining IDR 5,096,739.04 on 15 April 2026. This completes the full request and keeps the IDR 18,774,600 minimum protected."
request_274,1249.53,not_affordable,not_recommended,none,,none,"Do not proceed with the EUR 2,713.70 request. Although EUR 1,249.53 is available today, the full amount cannot be completed safely within 90 days."
request_275,15884000,affordable_now,full_payment,2025-05-06:15884000,2025-05-06,none,"Pay IDR 15,884,000 today. This leaves at least IDR 12,760,100 available over the next 90 days."
